id;first_name;last_name;email;phone_number
1;Alessandro;Schmidt;Velda35@hotmail.com;terribly dozen
2;Tracy;Shanahan;Maci6@hotmail.com;zowie
3;Maia;Dare;Ebony80@hotmail.com;target
4;Pauline;Ferry;Fritz20@gmail.com;rude unless
5;Marian;Senger;Wilma54@yahoo.com;vanish front
6;Linda;Olson;Annabelle74@gmail.com;lest gee
7;Reina;Marvin;Tyshawn.Schneider17@gmail.com;quietly sweep
8;Reuben;Cummerata;Angus.Doyle45@hotmail.com;conviction meek
9;Carmelo;Stoltenberg;Mac.Goldner94@hotmail.com;wilt
10;Osbaldo;Gulgowski;Mustafa_Durgan@gmail.com;um suspiciously ick
